"Date","Dernier","Ouv."," Plus Haut","Plus Bas","Vol.","Variation %"
"31/12/2009","5.412,90","5.397,90","5.431,90","5.390,40","","0,28%"
"30/12/2009","5.397,90","5.437,60","5.442,80","5.390,60","","-0,73%"
"29/12/2009","5.437,60","5.402,40","5.445,20","5.402,40","","0,65%"
"24/12/2009","5.402,40","5.372,40","5.402,40","5.367,80","","0,56%"
"23/12/2009","5.372,40","5.328,70","5.386,60","5.328,70","","0,82%"
"22/12/2009","5.328,70","5.294,00","5.361,90","5.294,00","","0,66%"
"21/12/2009","5.294,00","5.196,80","5.320,00","5.196,80","","1,87%"
"18/12/2009","5.196,80","5.217,60","5.287,60","5.196,80","","-0,40%"
"17/12/2009","5.217,60","5.320,30","5.320,30","5.217,60","","-1,93%"
"16/12/2009","5.320,30","5.285,80","5.335,30","5.283,90","","0,65%"
"15/12/2009","5.285,80","5.315,30","5.328,10","5.250,80","","-0,56%"
"14/12/2009","5.315,30","5.261,60","5.331,00","5.261,60","","1,02%"
"11/12/2009","5.261,60","5.244,40","5.312,00","5.244,40","","0,33%"
"10/12/2009","5.244,40","5.203,90","5.254,50","5.194,50","","0,78%"
"09/12/2009","5.203,90","5.223,10","5.245,90","5.175,70","","-0,37%"
"08/12/2009","5.223,10","5.310,70","5.323,40","5.206,40","","-1,65%"
"07/12/2009","5.310,70","5.322,40","5.328,80","5.251,00","","-0,22%"
"04/12/2009","5.322,40","5.313,00","5.373,90","5.272,80","","0,18%"
"03/12/2009","5.313,00","5.327,40","5.372,40","5.311,90","","-0,27%"
"02/12/2009","5.327,40","5.312,20","5.348,50","5.283,00","","0,29%"
"01/12/2009","5.312,20","5.190,70","5.312,20","5.190,70","","2,34%"
"30/11/2009","5.190,70","5.245,70","5.270,40","5.190,70","","-1,05%"
"27/11/2009","5.245,70","5.194,10","5.271,00","5.103,80","","0,99%"
"26/11/2009","5.194,10","5.364,80","5.364,80","5.189,40","","-3,18%"
"25/11/2009","5.364,80","5.324,00","5.372,20","5.324,00","","0,77%"
"24/11/2009","5.324,00","5.355,50","5.374,90","5.309,10","","-0,59%"
"23/11/2009","5.355,50","5.251,40","5.379,50","5.251,40","","1,98%"
"20/11/2009","5.251,40","5.267,70","5.309,40","5.224,00","","-0,31%"
"19/11/2009","5.267,70","5.342,10","5.343,80","5.254,20","","-1,39%"
"18/11/2009","5.342,10","5.345,90","5.372,10","5.331,60","","-0,07%"
"17/11/2009","5.345,90","5.382,70","5.382,70","5.337,00","","-0,68%"
"16/11/2009","5.382,70","5.296,40","5.397,00","5.296,40","","1,63%"
"13/11/2009","5.296,40","5.276,50","5.297,40","5.251,30","","0,38%"
"12/11/2009","5.276,50","5.266,80","5.304,90","5.254,10","","0,18%"
"11/11/2009","5.266,80","5.230,50","5.301,10","5.230,50","","0,69%"
"10/11/2009","5.230,50","5.235,20","5.264,30","5.221,50","","-0,09%"
"09/11/2009","5.235,20","5.142,70","5.240,00","5.142,70","","1,80%"
"06/11/2009","5.142,70","5.125,60","5.159,00","5.077,90","","0,33%"
"05/11/2009","5.125,60","5.107,10","5.154,60","5.036,90","","0,35%"
"04/11/2009","5.107,90","5.037,20","5.120,80","5.037,20","","1,40%"
"03/11/2009","5.037,20","5.104,50","5.104,50","4.985,10","","-1,32%"
"02/11/2009","5.104,50","5.044,50","5.115,70","5.022,50","","1,19%"
"30/10/2009","5.044,50","5.137,70","5.169,90","5.024,40","","-1,81%"
"29/10/2009","5.137,70","5.080,40","5.145,60","5.042,70","","1,13%"
"28/10/2009","5.080,40","5.201,00","5.201,00","5.074,10","","-2,32%"
"27/10/2009","5.201,00","5.191,70","5.230,60","5.181,90","","0,18%"
"26/10/2009","5.191,70","5.242,60","5.281,10","5.166,40","","-0,97%"
"23/10/2009","5.242,60","5.207,40","5.299,60","5.207,40","","0,68%"
"22/10/2009","5.207,40","5.257,90","5.257,90","5.166,50","","-0,96%"
"21/10/2009","5.257,90","5.243,40","5.268,00","5.174,50","","0,28%"
"20/10/2009","5.243,40","5.281,50","5.298,50","5.243,40","","-0,72%"
"19/10/2009","5.281,50","5.190,20","5.281,50","5.190,20","","1,76%"
"16/10/2009","5.190,20","5.223,00","5.272,90","5.176,40","","-0,63%"
"15/10/2009","5.223,00","5.256,10","5.267,90","5.218,90","","-0,63%"
"14/10/2009","5.256,10","5.154,10","5.261,30","5.154,10","","1,98%"
"13/10/2009","5.154,10","5.210,20","5.221,60","5.154,10","","-1,08%"
"12/10/2009","5.210,20","5.161,90","5.231,20","5.161,90","","0,94%"
"09/10/2009","5.161,90","5.154,60","5.171,50","5.130,40","","0,14%"
"08/10/2009","5.154,60","5.108,90","5.172,80","5.108,90","","0,89%"
"07/10/2009","5.108,90","5.138,00","5.156,20","5.104,50","","-0,57%"
"06/10/2009","5.138,00","5.024,30","5.149,90","5.024,30","","2,26%"
"05/10/2009","5.024,30","4.988,70","5.024,30","4.976,90","","0,71%"
"02/10/2009","4.988,70","5.047,80","5.047,80","4.955,00","","-1,17%"
"01/10/2009","5.047,80","5.133,90","5.164,40","5.044,00","","-1,68%"
"30/09/2009","5.133,90","5.159,70","5.190,00","5.092,80","","-0,50%"
"29/09/2009","5.159,70","5.165,70","5.184,00","5.136,50","","-0,12%"
"28/09/2009","5.165,70","5.082,20","5.170,80","5.050,80","","1,64%"
"25/09/2009","5.082,20","5.079,30","5.121,90","5.079,00","","0,06%"
"24/09/2009","5.079,30","5.139,40","5.165,40","5.073,40","","-1,17%"
"23/09/2009","5.139,40","5.142,60","5.175,10","5.126,60","","-0,06%"
"22/09/2009","5.142,60","5.134,40","5.189,90","5.134,40","","0,16%"
"21/09/2009","5.134,40","5.172,90","5.182,20","5.107,70","","-0,74%"
"18/09/2009","5.172,90","5.164,00","5.183,90","5.147,10","","0,17%"
"17/09/2009","5.164,00","5.124,10","5.173,10","5.124,10","","0,78%"
"16/09/2009","5.124,10","5.042,10","5.131,30","5.042,10","","1,63%"
"15/09/2009","5.042,10","5.018,90","5.062,70","4.996,50","","0,46%"
"14/09/2009","5.018,90","5.011,50","5.020,90","4.953,70","","0,15%"
"11/09/2009","5.011,50","4.987,70","5.038,80","4.987,70","","0,48%"
"10/09/2009","4.987,70","5.004,30","5.035,30","4.956,60","","-0,33%"
"09/09/2009","5.004,30","4.947,30","5.004,30","4.928,40","","1,15%"
"08/09/2009","4.947,30","4.933,20","4.972,00","4.926,00","","0,29%"
"07/09/2009","4.933,20","4.851,70","4.941,70","4.851,70","","1,68%"
"04/09/2009","4.851,70","4.796,80","4.873,80","4.796,80","","1,14%"
"03/09/2009","4.796,80","4.817,50","4.841,50","4.788,90","","-0,43%"
"02/09/2009","4.817,50","4.819,70","4.821,90","4.776,50","","-0,05%"
"01/09/2009","4.819,70","4.908,90","4.921,20","4.819,70","","-1,82%"
"28/08/2009","4.908,90","4.869,40","4.944,20","4.869,40","","0,81%"
"27/08/2009","4.869,40","4.890,60","4.906,20","4.855,30","","-0,43%"
"26/08/2009","4.890,60","4.916,80","4.927,00","4.872,40","","-0,53%"
"25/08/2009","4.916,80","4.896,20","4.923,30","4.858,90","","0,42%"
"24/08/2009","4.896,20","4.850,90","4.911,40","4.850,90","","0,93%"
"21/08/2009","4.850,90","4.756,60","4.858,50","4.735,80","","1,98%"
"20/08/2009","4.756,60","4.689,70","4.766,90","4.689,70","","1,43%"
"19/08/2009","4.689,70","4.685,80","4.698,50","4.625,40","","0,08%"
"18/08/2009","4.685,80","4.645,00","4.688,20","4.645,00","","0,88%"
"17/08/2009","4.645,00","4.714,00","4.714,00","4.610,30","","-1,46%"
"14/08/2009","4.714,00","4.755,50","4.790,20","4.699,50","","-0,87%"
"13/08/2009","4.755,50","4.716,80","4.790,00","4.716,80","","0,82%"
"12/08/2009","4.716,80","4.671,30","4.722,50","4.631,70","","0,97%"
"11/08/2009","4.671,30","4.722,20","4.744,10","4.657,80","","-1,08%"
"10/08/2009","4.722,20","4.731,60","4.731,60","4.688,80","","-0,20%"
"07/08/2009","4.731,60","4.690,50","4.743,60","4.632,20","","0,88%"
"06/08/2009","4.690,50","4.647,10","4.729,60","4.647,10","","0,93%"
"05/08/2009","4.647,10","4.671,40","4.696,60","4.630,60","","-0,52%"
"04/08/2009","4.671,40","4.682,50","4.682,50","4.627,70","","-0,24%"
"03/08/2009","4.682,50","4.608,40","4.710,20","4.595,60","","1,61%"
"31/07/2009","4.608,40","4.631,60","4.645,50","4.599,70","","-0,50%"
"30/07/2009","4.631,60","4.547,50","4.646,90","4.547,50","","1,85%"
"29/07/2009","4.547,50","4.528,80","4.581,80","4.512,10","","0,41%"
"28/07/2009","4.528,80","4.586,10","4.616,40","4.520,30","","-1,25%"
"27/07/2009","4.586,10","4.576,60","4.615,10","4.553,10","","0,21%"
"24/07/2009","4.576,60","4.559,80","4.603,20","4.536,50","","0,37%"
"23/07/2009","4.559,80","4.493,70","4.566,80","4.472,10","","1,47%"
"22/07/2009","4.493,70","4.481,20","4.498,00","4.449,20","","0,28%"
"21/07/2009","4.481,20","4.443,60","4.502,10","4.437,80","","0,85%"
"20/07/2009","4.443,60","4.388,80","4.464,80","4.388,80","","1,25%"
"17/07/2009","4.388,80","4.361,80","4.411,90","4.361,80","","0,62%"
"16/07/2009","4.361,80","4.346,50","4.385,10","4.329,40","","0,35%"
"15/07/2009","4.346,50","4.237,70","4.346,50","4.237,70","","2,57%"
"14/07/2009","4.237,70","4.202,10","4.256,40","4.198,70","","0,85%"
"13/07/2009","4.202,10","4.127,20","4.209,30","4.096,10","","1,81%"
"10/07/2009","4.127,20","4.158,70","4.160,50","4.123,50","","-0,76%"
"09/07/2009","4.158,70","4.140,20","4.186,40","4.140,20","","0,45%"
"08/07/2009","4.140,20","4.187,00","4.197,50","4.130,60","","-1,12%"
"07/07/2009","4.187,00","4.194,90","4.242,10","4.184,40","","-0,19%"
"06/07/2009","4.194,90","4.236,30","4.236,30","4.172,30","","-0,98%"
"03/07/2009","4.236,30","4.234,30","4.264,80","4.221,20","","0,05%"
"02/07/2009","4.234,30","4.340,70","4.340,70","4.230,80","","-2,45%"
"01/07/2009","4.340,70","4.249,20","4.353,00","4.249,20","","2,15%"
"30/06/2009","4.249,20","4.294,00","4.311,20","4.230,60","","-1,04%"
"29/06/2009","4.294,00","4.241,00","4.303,50","4.235,20","","1,25%"
"26/06/2009","4.241,00","4.252,60","4.307,20","4.216,50","","-0,27%"
"25/06/2009","4.252,60","4.280,00","4.290,40","4.213,40","","-0,64%"
"24/06/2009","4.280,00","4.230,00","4.293,00","4.218,40","","1,18%"
"23/06/2009","4.230,00","4.234,00","4.264,00","4.214,90","","-0,09%"
"22/06/2009","4.234,00","4.345,90","4.345,90","4.234,00","","-2,57%"
"19/06/2009","4.345,90","4.280,90","4.370,30","4.279,90","","1,52%"
"18/06/2009","4.280,90","4.278,50","4.305,40","4.239,70","","0,06%"
"17/06/2009","4.278,50","4.328,60","4.328,70","4.254,60","","-1,16%"
"16/06/2009","4.328,60","4.326,00","4.372,90","4.321,60","","0,06%"
"15/06/2009","4.326,00","4.442,00","4.442,00","4.319,80","","-2,61%"
"12/06/2009","4.442,00","4.461,90","4.472,00","4.427,20","","-0,45%"
"11/06/2009","4.461,90","4.436,80","4.478,40","4.409,10","","0,57%"
"10/06/2009","4.436,80","4.404,80","4.505,90","4.404,80","","0,73%"
"09/06/2009","4.404,80","4.405,20","4.445,50","4.387,30","","-0,01%"
"08/06/2009","4.405,20","4.438,60","4.438,60","4.370,50","","-0,75%"
"05/06/2009","4.438,60","4.386,90","4.495,90","4.386,90","","1,18%"
"04/06/2009","4.386,90","4.383,40","4.436,30","4.359,70","","0,08%"
"03/06/2009","4.383,40","4.477,00","4.477,20","4.359,30","","-2,09%"
"02/06/2009","4.477,00","4.506,20","4.506,20","4.435,90","","-0,65%"
"01/06/2009","4.506,20","4.417,90","4.517,60","4.417,90","","2,00%"
"29/05/2009","4.417,90","4.387,50","4.469,40","4.387,50","","0,69%"
"28/05/2009","4.387,50","4.416,20","4.416,20","4.341,10","","-0,65%"
"27/05/2009","4.416,20","4.411,70","4.439,80","4.390,20","","0,10%"
"26/05/2009","4.411,70","4.365,30","4.423,60","4.295,00","","1,06%"
"22/05/2009","4.365,30","4.345,50","4.393,10","4.335,00","","0,46%"
"21/05/2009","4.345,50","4.468,40","4.468,40","4.325,80","","-2,75%"
"20/05/2009","4.468,40","4.482,30","4.504,20","4.445,10","","-0,31%"
"19/05/2009","4.482,30","4.446,50","4.512,70","4.445,50","","0,81%"
"18/05/2009","4.446,50","4.348,10","4.446,50","4.307,70","","2,26%"
"15/05/2009","4.348,10","4.362,60","4.400,70","4.317,20","","-0,33%"
"14/05/2009","4.362,60","4.331,40","4.371,30","4.295,20","","0,72%"
"13/05/2009","4.331,40","4.425,50","4.448,00","4.328,20","","-2,13%"
"12/05/2009","4.425,50","4.435,50","4.457,50","4.397,40","","-0,23%"
"11/05/2009","4.435,50","4.462,10","4.470,00","4.401,50","","-0,60%"
"08/05/2009","4.462,10","4.398,70","4.487,50","4.398,70","","1,44%"
"07/05/2009","4.398,70","4.396,50","4.520,80","4.380,30","","0,05%"
"06/05/2009","4.396,50","4.336,90","4.437,60","4.317,00","","1,37%"
"05/05/2009","4.336,90","4.243,20","4.375,40","4.243,20","","2,21%"
"01/05/2009","4.243,20","4.243,70","4.251,60","4.210,80","","-0,01%"
"30/04/2009","4.243,70","4.189,60","4.293,60","4.189,60","","1,29%"
"29/04/2009","4.189,60","4.096,40","4.193,30","4.089,50","","2,28%"
"28/04/2009","4.096,40","4.167,00","4.167,00","4.058,70","","-1,69%"
"27/04/2009","4.167,00","4.156,00","4.179,20","4.088,70","","0,26%"
"24/04/2009","4.156,00","4.018,20","4.156,00","4.018,20","","3,43%"
"23/04/2009","4.018,20","4.030,70","4.082,30","3.999,10","","-0,31%"
"22/04/2009","4.030,70","3.987,50","4.036,00","3.948,20","","1,08%"
"21/04/2009","3.987,50","3.990,90","4.019,20","3.897,30","","-0,09%"
"20/04/2009","3.990,90","4.092,80","4.112,80","3.962,90","","-2,49%"
"17/04/2009","4.092,80","4.053,00","4.114,30","4.043,20","","0,98%"
"16/04/2009","4.053,00","3.968,40","4.053,00","3.963,60","","2,13%"
"15/04/2009","3.968,40","3.989,00","4.023,40","3.941,60","","-0,52%"
"14/04/2009","3.989,00","3.983,70","4.039,70","3.939,60","","0,13%"
"09/04/2009","3.983,70","3.925,50","3.986,30","3.912,00","","1,48%"
"08/04/2009","3.925,50","3.930,50","3.940,40","3.876,10","","-0,13%"
"07/04/2009","3.930,50","3.993,50","4.039,50","3.909,90","","-1,58%"
"06/04/2009","3.993,50","4.029,70","4.097,20","3.959,60","","-0,90%"
"03/04/2009","4.029,70","4.125,00","4.132,90","4.015,60","","-2,31%"
"02/04/2009","4.125,00","3.955,60","4.137,90","3.955,60","","4,28%"
"01/04/2009","3.955,60","3.926,10","3.972,70","3.838,20","","0,75%"
"31/03/2009","3.926,10","3.762,90","3.930,60","3.762,90","","4,34%"
"30/03/2009","3.762,90","3.898,90","3.898,90","3.762,90","","-3,49%"
"27/03/2009","3.898,90","3.925,20","3.950,30","3.877,60","","-0,67%"
"26/03/2009","3.925,20","3.900,30","3.929,50","3.877,80","","0,64%"
"25/03/2009","3.900,30","3.911,50","3.939,20","3.853,00","","-0,29%"
"24/03/2009","3.911,50","3.952,80","3.992,40","3.878,40","","-1,04%"
"23/03/2009","3.952,80","3.842,90","3.978,60","3.842,90","","2,86%"
"20/03/2009","3.842,90","3.816,90","3.854,90","3.777,70","","0,68%"
"19/03/2009","3.816,90","3.805,00","3.912,60","3.793,70","","0,31%"
"18/03/2009","3.805,00","3.857,10","3.901,60","3.768,50","","-1,35%"
"17/03/2009","3.857,10","3.864,00","3.864,00","3.793,10","","-0,18%"
"16/03/2009","3.864,00","3.753,70","3.864,00","3.753,70","","2,94%"
"13/03/2009","3.753,70","3.712,10","3.816,00","3.712,10","","1,12%"
"12/03/2009","3.712,10","3.693,80","3.725,60","3.616,50","","0,50%"
"11/03/2009","3.693,80","3.715,20","3.763,20","3.652,00","","-0,58%"
"10/03/2009","3.715,20","3.542,40","3.726,30","3.516,30","","4,88%"
"09/03/2009","3.542,40","3.530,70","3.564,80","3.460,70","","0,33%"
"06/03/2009","3.530,70","3.529,90","3.590,20","3.492,10","","0,02%"
"05/03/2009","3.529,90","3.645,90","3.645,90","3.526,40","","-3,18%"
"04/03/2009","3.645,90","3.512,10","3.649,50","3.512,10","","3,81%"
"03/03/2009","3.512,10","3.625,80","3.676,90","3.497,30","","-3,14%"
"02/03/2009","3.625,80","3.830,10","3.830,10","3.625,80","","-5,33%"
"27/02/2009","3.830,10","3.915,60","3.915,60","3.760,70","","-2,18%"
"26/02/2009","3.915,60","3.849,00","3.948,20","3.849,00","","1,73%"
"25/02/2009","3.849,00","3.816,40","3.884,10","3.803,90","","0,85%"
"24/02/2009","3.816,40","3.850,70","3.852,30","3.772,40","","-0,89%"
"23/02/2009","3.850,70","3.889,10","3.960,00","3.844,90","","-0,99%"
"20/02/2009","3.889,10","4.018,40","4.018,40","3.877,80","","-3,22%"
"19/02/2009","4.018,40","4.006,80","4.045,20","3.983,90","","0,29%"
"18/02/2009","4.006,80","4.034,10","4.056,50","3.938,10","","-0,68%"
"17/02/2009","4.034,10","4.134,80","4.134,80","3.995,40","","-2,44%"
"16/02/2009","4.134,80","4.189,60","4.189,60","4.127,30","","-1,31%"
"13/02/2009","4.189,60","4.202,20","4.291,60","4.168,00","","-0,30%"
"12/02/2009","4.202,20","4.234,30","4.234,30","4.135,10","","-0,76%"
"11/02/2009","4.234,30","4.213,10","4.244,50","4.182,10","","0,50%"
"10/02/2009","4.213,10","4.307,60","4.309,50","4.210,50","","-2,19%"
"09/02/2009","4.307,60","4.291,90","4.334,00","4.244,00","","0,37%"
"06/02/2009","4.291,90","4.228,90","4.330,70","4.225,60","","1,49%"
"05/02/2009","4.228,90","4.228,60","4.235,30","4.133,50","","0,01%"
"04/02/2009","4.228,60","4.164,50","4.262,70","4.160,40","","1,54%"
"03/02/2009","4.164,50","4.077,80","4.173,20","4.043,40","","2,13%"
"02/02/2009","4.077,80","4.149,60","4.149,60","4.036,90","","-1,73%"
"30/01/2009","4.149,60","4.190,10","4.228,00","4.125,20","","-0,97%"
"29/01/2009","4.190,10","4.295,20","4.295,20","4.147,70","","-2,45%"
"28/01/2009","4.295,20","4.194,40","4.317,60","4.194,40","","2,40%"
"27/01/2009","4.194,40","4.209,00","4.211,00","4.130,80","","-0,35%"
"26/01/2009","4.209,00","4.052,50","4.225,20","4.039,40","","3,86%"
"23/01/2009","4.052,50","4.052,20","4.070,80","3.956,70","","0,01%"
"22/01/2009","4.052,20","4.059,90","4.153,90","4.046,40","","-0,19%"
"21/01/2009","4.059,90","4.091,40","4.112,80","4.001,40","","-0,77%"
"20/01/2009","4.091,40","4.108,50","4.184,30","4.060,60","","-0,42%"
"19/01/2009","4.108,50","4.147,10","4.251,90","4.032,40","","-0,93%"
"16/01/2009","4.147,10","4.121,10","4.251,70","4.121,10","","0,63%"
"15/01/2009","4.121,10","4.180,60","4.199,40","4.090,90","","-1,42%"
"14/01/2009","4.180,60","4.399,10","4.426,50","4.115,40","","-4,97%"
"13/01/2009","4.399,10","4.426,20","4.426,20","4.321,30","","-0,61%"
"12/01/2009","4.426,20","4.448,50","4.471,30","4.402,30","","-0,50%"
"09/01/2009","4.448,50","4.505,40","4.534,80","4.431,90","","-1,26%"
"08/01/2009","4.505,40","4.507,50","4.514,70","4.410,50","","-0,05%"
"07/01/2009","4.507,50","4.638,90","4.638,90","4.478,00","","-2,83%"
"06/01/2009","4.638,90","4.579,60","4.675,70","4.562,00","","1,29%"
"05/01/2009","4.579,60","4.561,80","4.618,10","4.520,80","","0,39%"
"02/01/2009","4.561,80","4.434,20","4.561,80","4.430,00","","2,88%"
"31/12/2008","4.434,20","4.392,70","4.456,20","4.392,70","","0,94%"
"30/12/2008","4.392,70","4.319,40","4.406,10","4.319,40","","1,70%"
"29/12/2008","4.319,40","4.216,60","4.326,30","4.216,60","","2,44%"
"24/12/2008","4.216,60","4.256,00","4.256,00","4.205,20","","-0,93%"
"23/12/2008","4.256,00","4.249,20","4.307,10","4.244,20","","0,16%"
"22/12/2008","4.249,20","4.286,90","4.305,40","4.219,80","","-0,88%"
"19/12/2008","4.286,90","4.330,70","4.330,70","4.200,70","","-1,01%"
"18/12/2008","4.330,70","4.324,20","4.352,70","4.282,60","","0,15%"
"17/12/2008","4.324,20","4.309,10","4.341,10","4.231,10","","0,35%"
"16/12/2008","4.309,10","4.277,60","4.330,10","4.246,10","","0,74%"
"15/12/2008","4.277,60","4.280,40","4.340,70","4.238,90","","-0,07%"
"12/12/2008","4.280,40","4.388,70","4.388,70","4.201,90","","-2,47%"
"11/12/2008","4.388,70","4.367,30","4.430,30","4.307,80","","0,49%"
"10/12/2008","4.367,30","4.381,30","4.407,10","4.330,00","","-0,32%"
"09/12/2008","4.381,30","4.300,10","4.413,00","4.232,60","","1,89%"
"08/12/2008","4.300,10","4.049,40","4.318,00","4.049,40","","6,19%"
"05/12/2008","4.049,40","4.163,60","4.163,60","4.002,20","","-2,74%"
"04/12/2008","4.163,60","4.170,00","4.261,10","4.090,00","","-0,15%"
"03/12/2008","4.170,00","4.122,90","4.190,90","4.042,30","","1,14%"
"02/12/2008","4.122,90","4.065,50","4.137,10","3.973,30","","1,41%"
"01/12/2008","4.065,50","4.288,00","4.288,00","4.038,40","","-5,19%"
"28/11/2008","4.288,00","4.226,10","4.288,00","4.192,50","","1,46%"
"27/11/2008","4.226,10","4.152,70","4.241,70","4.152,70","","1,77%"
"26/11/2008","4.152,70","4.171,30","4.198,70","4.050,70","","-0,45%"
"25/11/2008","4.171,30","4.153,00","4.268,30","4.069,30","","0,44%"
"24/11/2008","4.153,00","3.781,00","4.153,10","3.781,00","","9,84%"
"21/11/2008","3.781,00","3.875,00","3.946,70","3.734,10","","-2,43%"
"20/11/2008","3.875,00","4.005,70","4.005,70","3.812,20","","-3,26%"
"19/11/2008","4.005,70","4.208,50","4.213,20","3.999,10","","-4,82%"
"18/11/2008","4.208,50","4.132,20","4.208,50","4.033,40","","1,85%"
"17/11/2008","4.132,20","4.233,00","4.236,40","4.110,70","","-2,38%"
"14/11/2008","4.233,00","4.169,20","4.342,30","4.169,20","","1,53%"
"13/11/2008","4.169,20","4.182,00","4.198,70","4.079,60","","-0,31%"
"12/11/2008","4.182,00","4.246,70","4.333,40","4.134,50","","-1,52%"
"11/11/2008","4.246,70","4.403,90","4.403,90","4.231,50","","-3,57%"
"10/11/2008","4.403,90","4.365,00","4.524,90","4.365,00","","0,89%"
"07/11/2008","4.365,00","4.272,40","4.408,10","4.263,80","","2,17%"
"06/11/2008","4.272,40","4.530,70","4.530,70","4.260,30","","-5,70%"
"05/11/2008","4.530,70","4.639,50","4.639,50","4.495,70","","-2,35%"
"04/11/2008","4.639,50","4.443,30","4.639,50","4.404,20","","4,42%"
"03/11/2008","4.443,30","4.377,30","4.443,30","4.348,30","","1,51%"
"31/10/2008","4.377,30","4.291,60","4.383,90","4.195,10","","2,00%"
"30/10/2008","4.291,60","4.242,50","4.352,50","4.200,20","","1,16%"
"29/10/2008","4.242,50","3.926,40","4.242,50","3.926,40","","8,05%"
"28/10/2008","3.926,40","3.852,60","4.034,00","3.847,60","","1,92%"
"27/10/2008","3.852,60","3.883,40","3.911,60","3.665,20","","-0,79%"
"24/10/2008","3.883,40","4.087,80","4.087,80","3.715,20","","-5,00%"
"23/10/2008","4.087,80","4.040,90","4.108,40","3.927,60","","1,16%"
"22/10/2008","4.040,90","4.229,70","4.229,70","4.031,80","","-4,46%"
"21/10/2008","4.229,70","4.282,70","4.347,70","4.212,40","","-1,24%"
"20/10/2008","4.282,70","4.063,00","4.282,70","4.063,00","","5,41%"
"17/10/2008","4.063,00","3.861,40","4.077,60","3.861,30","","5,22%"
"16/10/2008","3.861,40","4.079,60","4.079,60","3.808,10","","-5,35%"
"15/10/2008","4.079,60","4.394,20","4.394,20","4.052,00","","-7,16%"
"14/10/2008","4.394,20","4.256,90","4.534,40","4.256,90","","3,23%"
"13/10/2008","4.256,90","3.932,10","4.256,90","3.932,10","","8,26%"
"10/10/2008","3.932,10","4.313,80","4.313,80","3.874,00","","-8,85%"
"09/10/2008","4.313,80","4.366,70","4.512,50","4.274,40","","-1,21%"
"08/10/2008","4.366,70","4.605,20","4.654,20","4.245,30","","-5,18%"
"07/10/2008","4.605,20","4.589,20","4.745,00","4.517,50","","0,35%"
"06/10/2008","4.589,20","4.980,30","4.980,30","4.549,70","","-7,85%"
"03/10/2008","4.980,30","4.870,30","5.003,90","4.832,10","","2,26%"
"02/10/2008","4.870,30","4.959,60","5.052,00","4.862,10","","-1,80%"
"01/10/2008","4.959,60","4.902,50","5.012,20","4.891,50","","1,16%"
"30/09/2008","4.902,50","4.818,80","4.953,40","4.671,00","","1,74%"
"29/09/2008","4.818,80","5.088,50","5.088,50","4.818,80","","-5,30%"
"26/09/2008","5.088,50","5.197,00","5.197,00","5.057,30","","-2,09%"
"25/09/2008","5.197,00","5.095,60","5.211,60","5.060,70","","1,99%"
"24/09/2008","5.095,60","5.136,10","5.167,40","5.087,30","","-0,79%"
"23/09/2008","5.136,10","5.236,30","5.236,30","5.076,30","","-1,91%"
"22/09/2008","5.236,30","5.311,30","5.339,30","5.236,30","","-1,41%"
"19/09/2008","5.311,30","4.880,00","5.351,20","4.857,10","","8,84%"
"18/09/2008","4.880,00","4.912,40","5.015,90","4.860,70","","-0,66%"
"17/09/2008","4.912,40","5.025,60","5.124,40","4.903,30","","-2,25%"
"16/09/2008","5.025,60","5.204,20","5.204,20","4.961,20","","-3,43%"
"15/09/2008","5.204,20","5.416,70","5.416,70","5.124,90","","-3,92%"
"12/09/2008","5.416,70","5.318,40","5.416,70","5.318,40","","1,85%"
"11/09/2008","5.318,40","5.366,20","5.377,90","5.258,10","","-0,89%"
"10/09/2008","5.366,20","5.415,60","5.419,50","5.327,80","","-0,91%"
"09/09/2008","5.415,60","5.446,30","5.524,80","5.386,90","","-0,56%"
"08/09/2008","5.446,30","5.240,70","5.447,60","5.240,70","","3,92%"
"05/09/2008","5.240,70","5.362,10","5.362,10","5.227,60","","-2,26%"
"04/09/2008","5.362,10","5.499,70","5.541,70","5.362,10","","-2,50%"
"03/09/2008","5.499,70","5.620,70","5.620,70","5.492,10","","-2,15%"
"02/09/2008","5.620,70","5.602,80","5.646,50","5.574,90","","0,32%"
"01/09/2008","5.602,80","5.636,60","5.636,60","5.573,80","","-0,60%"
"29/08/2008","5.636,60","5.601,20","5.649,10","5.587,40","","0,63%"
"28/08/2008","5.601,20","5.528,10","5.634,00","5.496,90","","1,32%"
"27/08/2008","5.528,10","5.470,70","5.540,80","5.434,70","","1,05%"
"26/08/2008","5.470,70","5.505,60","5.505,60","5.369,30","","-0,63%"
"22/08/2008","5.505,60","5.370,20","5.505,60","5.368,00","","2,52%"
"21/08/2008","5.370,20","5.371,80","5.408,00","5.311,40","","-0,03%"
"20/08/2008","5.371,80","5.320,40","5.384,20","5.320,40","","0,97%"
"19/08/2008","5.320,40","5.450,20","5.450,20","5.317,10","","-2,38%"
"18/08/2008","5.450,20","5.454,80","5.498,70","5.425,30","","-0,08%"
"15/08/2008","5.454,80","5.497,40","5.538,80","5.432,20","","-0,77%"
"14/08/2008","5.497,40","5.448,60","5.539,60","5.445,60","","0,90%"
"13/08/2008","5.448,60","5.534,50","5.534,50","5.437,10","","-1,55%"
"12/08/2008","5.534,50","5.541,80","5.569,20","5.491,30","","-0,13%"
"11/08/2008","5.541,80","5.489,20","5.541,80","5.477,70","","0,96%"
"08/08/2008","5.489,20","5.477,50","5.507,20","5.410,80","","0,21%"
"07/08/2008","5.477,50","5.486,10","5.539,30","5.450,90","","-0,16%"
"06/08/2008","5.486,10","5.454,50","5.498,60","5.440,10","","0,58%"
"05/08/2008","5.454,50","5.320,20","5.454,50","5.299,70","","2,52%"
"04/08/2008","5.320,20","5.354,70","5.414,70","5.310,30","","-0,64%"
"01/08/2008","5.354,70","5.411,90","5.411,90","5.321,30","","-1,06%"
"31/07/2008","5.411,90","5.420,70","5.456,10","5.371,30","","-0,16%"
"30/07/2008","5.420,70","5.319,20","5.435,90","5.319,20","","1,91%"
"29/07/2008","5.319,20","5.312,60","5.354,60","5.261,40","","0,12%"
"28/07/2008","5.312,60","5.352,60","5.365,80","5.308,40","","-0,75%"
"25/07/2008","5.352,60","5.362,30","5.375,20","5.291,40","","-0,18%"
"24/07/2008","5.362,30","5.449,90","5.463,70","5.345,10","","-1,61%"
"23/07/2008","5.449,90","5.364,10","5.467,20","5.364,10","","1,60%"
"22/07/2008","5.364,10","5.404,30","5.404,30","5.282,80","","-0,74%"
"21/07/2008","5.404,30","5.376,40","5.445,80","5.334,60","","0,52%"
"18/07/2008","5.376,40","5.286,30","5.376,40","5.216,60","","1,70%"
"17/07/2008","5.286,30","5.150,60","5.320,50","5.150,60","","2,63%"
"16/07/2008","5.150,60","5.171,90","5.210,10","5.071,10","","-0,41%"
"15/07/2008","5.171,90","5.300,40","5.300,40","5.119,00","","-2,42%"
"14/07/2008","5.300,40","5.261,60","5.373,20","5.261,60","","0,74%"
"11/07/2008","5.261,60","5.406,80","5.461,80","5.261,60","","-2,69%"
"10/07/2008","5.406,80","5.529,60","5.529,60","5.392,60","","-2,22%"
"09/07/2008","5.529,60","5.440,50","5.538,20","5.440,50","","1,64%"
"08/07/2008","5.440,50","5.512,70","5.512,70","5.358,70","","-1,31%"
"07/07/2008","5.512,70","5.412,80","5.516,40","5.400,10","","1,85%"
"04/07/2008","5.412,80","5.476,60","5.490,20","5.394,00","","-1,16%"
"03/07/2008","5.476,60","5.426,30","5.490,60","5.358,50","","0,93%"
"02/07/2008","5.426,30","5.479,90","5.566,80","5.426,30","","-0,98%"
"01/07/2008","5.479,90","5.625,90","5.625,90","5.466,30","","-2,60%"
"30/06/2008","5.625,90","5.529,90","5.625,90","5.520,20","","1,74%"
"27/06/2008","5.529,90","5.518,20","5.555,20","5.470,90","","0,21%"
"26/06/2008","5.518,20","5.666,10","5.666,10","5.518,20","","-2,61%"
"25/06/2008","5.666,10","5.634,70","5.669,60","5.634,70","","0,56%"
"24/06/2008","5.634,70","5.667,20","5.693,80","5.581,60","","-0,57%"
"23/06/2008","5.667,20","5.620,80","5.679,20","5.603,20","","0,83%"
"20/06/2008","5.620,80","5.708,40","5.731,90","5.597,00","","-1,53%"
"19/06/2008","5.708,40","5.756,90","5.786,40","5.707,20","","-0,84%"
"18/06/2008","5.756,90","5.861,90","5.861,90","5.735,40","","-1,79%"
"17/06/2008","5.861,90","5.794,60","5.930,30","5.794,60","","1,16%"
"16/06/2008","5.794,60","5.802,80","5.832,60","5.759,60","","-0,14%"
"13/06/2008","5.802,80","5.790,50","5.818,30","5.719,50","","0,21%"
"12/06/2008","5.790,50","5.723,30","5.797,80","5.719,80","","1,17%"
"11/06/2008","5.723,30","5.827,30","5.859,40","5.708,30","","-1,78%"
"10/06/2008","5.827,30","5.877,60","5.877,60","5.813,40","","-0,86%"
"09/06/2008","5.877,60","5.906,80","5.938,50","5.869,60","","-0,49%"
"06/06/2008","5.906,80","5.995,30","6.074,50","5.906,50","","-1,48%"
"05/06/2008","5.995,30","5.970,10","6.005,10","5.941,00","","0,42%"
"04/06/2008","5.970,10","6.057,70","6.057,70","5.933,30","","-1,45%"
"03/06/2008","6.057,70","6.007,60","6.059,00","5.993,30","","0,83%"
"02/06/2008","6.007,60","6.053,50","6.060,80","5.978,40","","-0,76%"
"30/05/2008","6.053,50","6.068,10","6.111,60","6.044,70","","-0,24%"
"29/05/2008","6.068,10","6.069,60","6.130,50","6.041,10","","-0,02%"
"28/05/2008","6.069,60","6.058,50","6.122,20","6.052,50","","0,18%"
"27/05/2008","6.058,50","6.087,30","6.141,70","6.048,70","","-0,47%"
"23/05/2008","6.087,30","6.181,60","6.182,90","6.087,30","","-1,53%"
"22/05/2008","6.181,60","6.198,10","6.226,20","6.159,40","","-0,27%"
"21/05/2008","6.198,10","6.191,60","6.257,30","6.183,50","","0,10%"
"20/05/2008","6.191,60","6.376,50","6.376,50","6.191,60","","-2,90%"
"19/05/2008","6.376,50","6.304,30","6.377,00","6.302,80","","1,15%"
"16/05/2008","6.304,30","6.251,80","6.348,60","6.251,80","","0,84%"
"15/05/2008","6.251,80","6.216,00","6.258,50","6.168,80","","0,58%"
"14/05/2008","6.216,00","6.211,90","6.253,10","6.167,90","","0,07%"
"13/05/2008","6.211,90","6.220,60","6.268,10","6.142,30","","-0,14%"
"12/05/2008","6.220,60","6.204,70","6.251,90","6.184,80","","0,26%"
"09/05/2008","6.204,70","6.270,80","6.270,80","6.167,60","","-1,05%"
"08/05/2008","6.270,80","6.256,50","6.273,30","6.217,00","","0,16%"
"07/05/2008","6.261,00","6.215,20","6.275,00","6.214,10","","0,74%"
"06/05/2008","6.215,20","6.215,50","6.233,70","6.155,90","","0,00%"
"02/05/2008","6.215,50","6.087,30","6.223,90","6.087,30","","2,11%"
"01/05/2008","6.087,30","6.087,30","6.118,20","6.066,00","","0,00%"
"30/04/2008","6.087,30","6.089,40","6.120,30","6.035,80","","-0,03%"
"29/04/2008","6.089,40","6.090,40","6.133,50","6.051,60","","-0,02%"
"28/04/2008","6.090,40","6.091,40","6.134,50","6.083,50","","-0,02%"
"25/04/2008","6.091,40","6.050,70","6.098,80","6.045,50","","0,67%"
"24/04/2008","6.050,70","6.083,60","6.083,60","5.951,90","","-0,54%"
"23/04/2008","6.083,60","6.034,70","6.083,60","5.978,80","","0,81%"
"22/04/2008","6.034,70","6.053,00","6.072,00","6.007,50","","-0,30%"
"21/04/2008","6.053,00","6.056,50","6.089,50","6.021,20","","-0,06%"
"18/04/2008","6.056,50","5.980,40","6.062,10","5.974,30","","1,27%"
"17/04/2008","5.980,40","6.046,20","6.086,40","5.973,90","","-1,09%"
"16/04/2008","6.046,20","5.906,90","6.046,20","5.906,90","","2,36%"
"15/04/2008","5.906,90","5.831,60","5.943,30","5.831,60","","1,29%"
"14/04/2008","5.831,60","5.895,50","5.895,50","5.827,00","","-1,08%"
"11/04/2008","5.895,50","5.965,10","6.016,30","5.866,10","","-1,17%"
"10/04/2008","5.965,10","5.983,90","6.003,20","5.881,90","","-0,31%"
"09/04/2008","5.983,90","5.990,20","6.015,60","5.947,20","","-0,11%"
"08/04/2008","5.990,20","6.014,80","6.014,80","5.942,20","","-0,41%"
"07/04/2008","6.014,80","5.947,10","6.014,80","5.947,10","","1,14%"
"04/04/2008","5.947,10","5.891,30","5.948,00","5.888,00","","0,95%"
"03/04/2008","5.891,30","5.915,90","5.935,20","5.864,00","","-0,42%"
"02/04/2008","5.915,90","5.852,60","5.920,10","5.827,20","","1,08%"
"01/04/2008","5.852,60","5.702,10","5.865,80","5.670,40","","2,64%"
"31/03/2008","5.702,10","5.692,90","5.715,10","5.585,60","","0,16%"
"28/03/2008","5.692,90","5.717,50","5.747,20","5.673,70","","-0,43%"
"27/03/2008","5.717,50","5.660,40","5.735,00","5.650,90","","1,01%"
"26/03/2008","5.660,40","5.689,10","5.689,10","5.639,10","","-0,50%"
"25/03/2008","5.689,10","5.495,20","5.704,30","5.495,20","","3,53%"
"20/03/2008","5.495,20","5.545,60","5.545,60","5.461,90","","-0,91%"
"19/03/2008","5.545,60","5.605,80","5.653,60","5.524,80","","-1,07%"
"18/03/2008","5.605,80","5.414,40","5.610,00","5.414,40","","3,54%"
"17/03/2008","5.414,40","5.631,70","5.631,70","5.414,40","","-3,86%"
"14/03/2008","5.631,70","5.692,40","5.782,00","5.595,80","","-1,07%"
"13/03/2008","5.692,40","5.776,40","5.776,40","5.628,90","","-1,45%"
"12/03/2008","5.776,40","5.690,40","5.812,70","5.690,40","","1,51%"
"11/03/2008","5.690,40","5.629,10","5.783,40","5.629,10","","1,09%"
"10/03/2008","5.629,10","5.699,90","5.718,80","5.616,60","","-1,24%"
"07/03/2008","5.699,90","5.766,40","5.766,40","5.655,70","","-1,15%"
"06/03/2008","5.766,40","5.853,50","5.871,10","5.753,10","","-1,49%"
"05/03/2008","5.853,50","5.767,70","5.860,50","5.763,90","","1,49%"
"04/03/2008","5.767,70","5.818,60","5.872,90","5.719,80","","-0,87%"
"03/03/2008","5.818,60","5.884,30","5.884,30","5.770,10","","-1,12%"
"29/02/2008","5.884,30","5.965,70","5.986,20","5.859,30","","-1,36%"
"28/02/2008","5.965,70","6.076,50","6.090,80","5.960,30","","-1,82%"
"27/02/2008","6.076,50","6.087,40","6.104,50","5.989,00","","-0,18%"
"26/02/2008","6.087,40","5.999,50","6.092,50","5.991,60","","1,47%"
"25/02/2008","5.999,50","5.888,50","6.011,70","5.888,50","","1,89%"
"22/02/2008","5.888,50","5.932,20","5.970,90","5.863,80","","-0,74%"
"21/02/2008","5.932,20","5.893,60","6.004,40","5.893,60","","0,65%"
"20/02/2008","5.893,60","5.966,90","5.966,90","5.847,40","","-1,23%"
"19/02/2008","5.966,90","5.946,60","6.033,70","5.884,80","","3,10%"
"15/02/2008","5.787,60","5.879,30","5.915,00","5.763,50","","-1,56%"
"14/02/2008","5.879,30","5.880,10","5.938,50","5.859,40","","-0,01%"
"13/02/2008","5.880,10","5.910,00","5.915,00","5.814,80","","-0,51%"
"12/02/2008","5.910,00","5.707,70","5.910,00","5.707,70","","3,54%"
"11/02/2008","5.707,70","5.784,00","5.789,60","5.681,50","","-1,32%"
"08/02/2008","5.784,00","5.724,10","5.805,30","5.703,10","","1,05%"
"07/02/2008","5.724,10","5.875,40","5.875,40","5.708,80","","-2,58%"
"06/02/2008","5.875,40","5.868,00","5.892,60","5.816,40","","0,13%"
"05/02/2008","5.868,00","6.026,20","6.026,20","5.852,80","","-2,63%"
"04/02/2008","6.026,20","6.029,20","6.071,30","6.000,20","","-0,05%"
"01/02/2008","6.029,20","5.879,80","6.044,90","5.879,80","","2,54%"
"31/01/2008","5.879,80","5.837,30","5.899,50","5.689,40","","0,73%"
"30/01/2008","5.837,30","5.885,20","5.885,20","5.818,60","","-0,81%"
"29/01/2008","5.885,20","5.788,90","5.885,20","5.788,90","","1,66%"
"28/01/2008","5.788,90","5.869,00","5.869,00","5.705,10","","-1,36%"
"25/01/2008","5.869,00","5.875,80","5.973,30","5.848,50","","-0,12%"
"24/01/2008","5.875,80","5.609,30","5.882,30","5.609,30","","4,75%"
"23/01/2008","5.609,30","5.740,10","5.844,90","5.518,30","","-2,28%"
"22/01/2008","5.740,10","5.578,20","5.764,00","5.338,70","","2,90%"
"21/01/2008","5.578,20","5.901,70","5.901,70","5.571,00","","-5,48%"
"18/01/2008","5.901,70","5.902,40","6.030,90","5.856,80","","-0,01%"
"17/01/2008","5.902,40","5.942,90","6.028,40","5.895,40","","-0,68%"
"16/01/2008","5.942,90","6.025,60","6.031,50","5.908,50","","-1,37%"
"15/01/2008","6.025,60","6.215,70","6.215,70","6.025,60","","-3,06%"
"14/01/2008","6.215,70","6.202,00","6.247,30","6.173,00","","0,22%"
"11/01/2008","6.202,00","6.222,70","6.251,80","6.147,00","","-0,33%"
"10/01/2008","6.222,70","6.272,70","6.314,50","6.213,00","","-0,80%"
"09/01/2008","6.272,70","6.356,50","6.356,50","6.241,80","","-1,32%"
"08/01/2008","6.356,50","6.335,70","6.399,60","6.335,70","","0,33%"
"07/01/2008","6.335,70","6.348,50","6.376,50","6.275,20","","-0,20%"
"04/01/2008","6.348,50","6.479,40","6.534,70","6.333,20","","-2,02%"
"03/01/2008","6.479,40","6.416,70","6.487,80","6.394,60","","0,98%"
"02/01/2008","6.416,70","6.456,90","6.512,30","6.402,60","","-0,62%"
"31/12/2007","6.456,90","6.476,90","6.480,20","6.432,80","","-0,31%"
"28/12/2007","6.476,90","6.497,80","6.497,80","6.436,80","","-0,32%"
"27/12/2007","6.497,80","6.479,30","6.504,70","6.468,40","","0,29%"
"24/12/2007","6.479,30","6.434,10","6.485,60","6.431,20","","0,70%"
"21/12/2007","6.434,10","6.345,60","6.451,80","6.345,60","","1,39%"
"20/12/2007","6.345,60","6.284,50","6.367,70","6.284,50","","0,97%"
"19/12/2007","6.284,50","6.279,30","6.319,10","6.251,80","","0,08%"
"18/12/2007","6.279,30","6.277,80","6.344,30","6.254,50","","0,02%"
"17/12/2007","6.277,80","6.397,00","6.397,00","6.264,30","","-1,86%"
"14/12/2007","6.397,00","6.364,20","6.426,20","6.336,70","","0,52%"
"13/12/2007","6.364,20","6.559,80","6.559,80","6.364,20","","-2,98%"
"12/12/2007","6.559,80","6.536,90","6.610,90","6.429,50","","0,35%"
"11/12/2007","6.536,90","6.565,40","6.597,50","6.513,40","","-0,43%"
"10/12/2007","6.565,40","6.554,90","6.596,70","6.523,70","","0,16%"
"07/12/2007","6.554,90","6.485,60","6.577,80","6.485,60","","1,07%"
"06/12/2007","6.485,60","6.493,80","6.591,80","6.437,80","","-0,13%"
"05/12/2007","6.493,80","6.315,20","6.493,80","6.315,20","","2,83%"
"04/12/2007","6.315,20","6.386,60","6.398,20","6.289,30","","-1,12%"
"03/12/2007","6.386,60","6.432,50","6.456,10","6.379,90","","-0,71%"
"30/11/2007","6.432,50","6.349,10","6.455,80","6.334,00","","1,31%"
"29/11/2007","6.349,10","6.306,20","6.363,50","6.273,40","","0,68%"
"28/11/2007","6.306,20","6.140,70","6.307,40","6.109,60","","2,70%"
"27/11/2007","6.140,70","6.180,50","6.197,10","6.061,80","","-0,64%"
"26/11/2007","6.180,50","6.262,10","6.307,80","6.180,50","","-1,30%"
"23/11/2007","6.262,10","6.155,30","6.262,10","6.153,60","","1,74%"
"22/11/2007","6.155,30","6.070,90","6.155,30","6.026,90","","1,39%"
"21/11/2007","6.070,90","6.226,50","6.226,50","6.041,80","","-2,50%"
"20/11/2007","6.226,50","6.120,80","6.227,70","6.078,70","","1,73%"
"19/11/2007","6.120,80","6.291,20","6.331,70","6.120,80","","-2,71%"
"16/11/2007","6.291,20","6.359,60","6.359,60","6.283,90","","-1,08%"
"15/11/2007","6.359,60","6.432,10","6.465,40","6.335,50","","-1,13%"
"14/11/2007","6.432,10","6.362,40","6.460,80","6.362,40","","1,10%"
"13/11/2007","6.362,40","6.337,90","6.387,40","6.279,70","","0,39%"
"12/11/2007","6.337,90","6.304,90","6.365,20","6.268,60","","0,52%"
"09/11/2007","6.304,90","6.381,90","6.442,90","6.268,90","","-1,21%"
"08/11/2007","6.381,90","6.385,10","6.432,30","6.290,30","","-0,05%"
"07/11/2007","6.385,10","6.474,90","6.519,20","6.381,30","","-1,39%"
"06/11/2007","6.474,90","6.461,40","6.512,10","6.456,40","","0,21%"
"05/11/2007","6.461,40","6.530,60","6.530,60","6.420,40","","-1,06%"
"02/11/2007","6.530,60","6.586,10","6.586,10","6.483,40","","-0,84%"
"01/11/2007","6.586,10","6.721,60","6.723,70","6.549,70","","-2,02%"
"31/10/2007","6.721,60","6.659,00","6.721,60","6.636,90","","0,94%"
"30/10/2007","6.659,00","6.706,00","6.706,00","6.653,80","","-0,70%"
"29/10/2007","6.706,00","6.661,30","6.726,90","6.661,30","","0,67%"
"26/10/2007","6.661,30","6.576,30","6.684,10","6.567,10","","1,29%"
"25/10/2007","6.576,30","6.482,00","6.587,60","6.482,00","","1,45%"
"24/10/2007","6.482,00","6.514,00","6.550,90","6.460,90","","-0,49%"
"23/10/2007","6.514,00","6.459,30","6.562,70","6.459,30","","0,85%"
"22/10/2007","6.459,30","6.527,90","6.527,90","6.413,40","","-1,05%"
"19/10/2007","6.527,90","6.609,40","6.615,80","6.523,60","","-1,23%"
"18/10/2007","6.609,40","6.677,70","6.722,00","6.584,90","","-1,02%"
"17/10/2007","6.677,70","6.614,30","6.690,50","6.594,90","","0,96%"
"16/10/2007","6.614,30","6.644,50","6.644,50","6.596,30","","-0,45%"
"15/10/2007","6.644,50","6.730,70","6.751,70","6.632,10","","-1,28%"
"12/10/2007","6.730,70","6.724,50","6.730,70","6.660,00","","0,09%"
"11/10/2007","6.724,50","6.633,00","6.730,10","6.633,00","","1,38%"
"10/10/2007","6.633,00","6.615,40","6.633,00","6.587,70","","0,27%"
"09/10/2007","6.615,40","6.540,90","6.625,30","6.527,50","","1,14%"
"08/10/2007","6.540,90","6.595,80","6.605,60","6.540,90","","-0,83%"
"05/10/2007","6.595,80","6.547,90","6.605,10","6.547,90","","0,73%"
"04/10/2007","6.547,90","6.535,20","6.593,30","6.507,20","","0,19%"
"03/10/2007","6.535,20","6.500,40","6.542,80","6.495,00","","0,54%"
"02/10/2007","6.500,40","6.506,20","6.567,00","6.489,60","","-0,09%"
"01/10/2007","6.506,20","6.466,80","6.514,50","6.419,20","","0,61%"
"28/09/2007","6.466,80","6.486,40","6.500,40","6.411,80","","-0,30%"
"27/09/2007","6.486,40","6.433,00","6.508,00","6.433,00","","0,83%"
"26/09/2007","6.433,00","6.396,90","6.484,40","6.396,90","","0,56%"
"25/09/2007","6.396,90","6.465,90","6.465,90","6.367,00","","-1,07%"
"24/09/2007","6.465,90","6.456,70","6.494,20","6.437,30","","0,14%"
"21/09/2007","6.456,70","6.429,00","6.481,60","6.409,90","","0,43%"
"20/09/2007","6.429,00","6.460,00","6.460,00","6.395,10","","-0,48%"
"19/09/2007","6.460,00","6.283,30","6.512,40","6.283,30","","2,81%"
"18/09/2007","6.283,30","6.182,80","6.298,50","6.158,80","","1,63%"
"17/09/2007","6.182,80","6.289,30","6.289,30","6.168,00","","-1,69%"
"14/09/2007","6.289,30","6.363,90","6.363,90","6.209,10","","-1,17%"
"13/09/2007","6.363,90","6.306,20","6.374,50","6.280,20","","0,91%"
"12/09/2007","6.306,20","6.280,70","6.317,10","6.232,00","","0,41%"
"11/09/2007","6.280,70","6.134,10","6.280,70","6.134,10","","2,39%"
"10/09/2007","6.134,10","6.191,20","6.232,10","6.123,10","","-0,92%"
"07/09/2007","6.191,20","6.313,30","6.342,70","6.179,10","","-1,93%"
"06/09/2007","6.313,30","6.270,70","6.327,30","6.217,50","","0,68%"
"05/09/2007","6.270,70","6.376,80","6.390,50","6.264,50","","-1,66%"
"04/09/2007","6.376,80","6.315,20","6.378,00","6.274,90","","0,98%"
"03/09/2007","6.315,20","6.303,30","6.334,40","6.303,20","","0,19%"
"31/08/2007","6.303,30","6.212,00","6.309,50","6.212,00","","1,47%"
"30/08/2007","6.212,00","6.132,20","6.220,80","6.122,50","","1,30%"
"29/08/2007","6.132,20","6.102,20","6.137,90","6.056,50","","0,49%"
"28/08/2007","6.102,20","6.220,10","6.220,10","6.083,90","","-1,90%"
"24/08/2007","6.220,10","6.196,90","6.232,20","6.182,40","","0,37%"
"23/08/2007","6.196,90","6.196,00","6.287,20","6.194,40","","0,01%"
"22/08/2007","6.196,00","6.086,10","6.196,60","6.086,10","","1,81%"
"21/08/2007","6.086,10","6.078,70","6.118,90","6.031,80","","0,12%"
"20/08/2007","6.078,70","6.064,20","6.163,40","6.064,20","","0,24%"
"17/08/2007","6.064,20","5.858,90","6.134,00","5.821,70","","3,50%"
"16/08/2007","5.858,90","6.109,30","6.109,30","5.858,90","","-4,10%"
"15/08/2007","6.109,30","6.143,50","6.143,50","6.041,70","","-0,56%"
"14/08/2007","6.143,50","6.219,00","6.264,90","6.132,20","","-1,21%"
"13/08/2007","6.219,00","6.038,30","6.237,80","6.038,30","","2,99%"
"10/08/2007","6.038,30","6.271,20","6.271,20","6.038,30","","-3,71%"
"09/08/2007","6.271,20","6.393,90","6.393,90","6.228,00","","-1,92%"
"08/08/2007","6.393,90","6.308,80","6.406,30","6.308,80","","1,35%"
"07/08/2007","6.308,80","6.189,10","6.308,80","6.189,10","","1,93%"
"06/08/2007","6.189,10","6.224,30","6.245,90","6.161,50","","-0,57%"
"03/08/2007","6.224,30","6.300,30","6.333,50","6.212,20","","-1,21%"
"02/08/2007","6.300,30","6.250,60","6.319,30","6.250,60","","0,80%"
"01/08/2007","6.250,60","6.360,10","6.360,10","6.187,20","","-1,72%"
"31/07/2007","6.360,10","6.206,10","6.361,10","6.206,10","","2,48%"
"30/07/2007","6.206,10","6.215,20","6.256,50","6.186,20","","-0,15%"
"27/07/2007","6.215,20","6.251,20","6.315,20","6.192,30","","-0,58%"
"26/07/2007","6.251,20","6.454,30","6.474,70","6.251,20","","-3,15%"
"25/07/2007","6.454,30","6.498,70","6.533,60","6.436,70","","-0,68%"
"24/07/2007","6.498,70","6.624,40","6.624,40","6.498,70","","-1,90%"
"23/07/2007","6.624,40","6.585,20","6.624,40","6.583,50","","0,60%"
"20/07/2007","6.585,20","6.640,20","6.674,30","6.580,00","","-0,83%"
"19/07/2007","6.640,20","6.567,10","6.658,80","6.567,10","","1,11%"
"18/07/2007","6.567,10","6.659,10","6.659,10","6.567,10","","-1,38%"
"17/07/2007","6.659,10","6.697,70","6.698,50","6.628,10","","-0,58%"
"16/07/2007","6.697,70","6.716,70","6.735,80","6.679,20","","-0,28%"
"13/07/2007","6.716,70","6.697,70","6.754,10","6.697,70","","0,28%"
"12/07/2007","6.697,70","6.615,10","6.697,70","6.594,70","","1,25%"
"11/07/2007","6.615,10","6.630,90","6.630,90","6.574,20","","-0,24%"
"10/07/2007","6.630,90","6.712,70","6.734,30","6.620,50","","-1,22%"
"09/07/2007","6.712,70","6.690,10","6.725,90","6.690,10","","0,34%"
"06/07/2007","6.690,10","6.635,20","6.690,40","6.635,20","","0,83%"
"05/07/2007","6.635,20","6.673,10","6.691,80","6.625,80","","-0,57%"
"04/07/2007","6.673,10","6.639,80","6.682,90","6.639,80","","0,50%"
"03/07/2007","6.639,80","6.590,60","6.645,30","6.590,60","","0,75%"
"02/07/2007","6.590,60","6.607,90","6.612,80","6.570,50","","-0,26%"
"29/06/2007","6.607,90","6.571,30","6.607,90","6.519,60","","0,56%"
"28/06/2007","6.571,30","6.527,60","6.575,50","6.527,60","","0,67%"
"27/06/2007","6.527,60","6.559,30","6.559,30","6.496,40","","-0,48%"
"26/06/2007","6.559,30","6.588,40","6.593,50","6.539,90","","-0,44%"
"25/06/2007","6.588,40","6.567,40","6.591,40","6.522,30","","0,32%"
"22/06/2007","6.567,40","6.596,00","6.612,30","6.562,20","","-0,43%"
"21/06/2007","6.596,00","6.649,30","6.649,30","6.563,90","","-0,80%"
"20/06/2007","6.649,30","6.650,20","6.692,60","6.647,60","","-0,01%"
"19/06/2007","6.650,20","6.703,50","6.721,40","6.650,20","","-0,80%"
"18/06/2007","6.703,50","6.732,40","6.751,30","6.696,80","","-0,43%"
"15/06/2007","6.732,40","6.649,90","6.734,20","6.649,90","","1,24%"
"14/06/2007","6.649,90","6.559,60","6.654,30","6.559,60","","1,38%"
"13/06/2007","6.559,60","6.520,40","6.567,30","6.483,60","","0,60%"
"12/06/2007","6.520,40","6.567,50","6.586,60","6.513,70","","-0,72%"
"11/06/2007","6.567,50","6.505,10","6.567,50","6.505,10","","0,96%"
"08/06/2007","6.505,10","6.505,10","6.519,40","6.451,40","","0,00%"
"07/06/2007","6.505,10","6.522,70","6.574,90","6.478,00","","-0,27%"
"06/06/2007","6.522,70","6.632,80","6.636,90","6.511,70","","-1,66%"
"05/06/2007","6.632,80","6.664,10","6.686,60","6.625,70","","-0,47%"
"04/06/2007","6.664,10","6.676,70","6.686,10","6.641,20","","-0,19%"
"01/06/2007","6.676,70","6.621,40","6.676,70","6.621,30","","0,84%"
"31/05/2007","6.621,40","6.602,10","6.650,20","6.602,10","","0,29%"
"30/05/2007","6.602,10","6.606,50","6.606,50","6.533,50","","-0,07%"
"29/05/2007","6.606,50","6.570,50","6.613,40","6.570,50","","0,55%"
"25/05/2007","6.570,50","6.565,40","6.575,20","6.532,50","","0,08%"
"24/05/2007","6.565,40","6.616,40","6.619,50","6.560,50","","-0,77%"
"23/05/2007","6.616,40","6.606,60","6.643,80","6.602,50","","0,15%"
"22/05/2007","6.606,60","6.636,80","6.641,90","6.594,60","","-0,46%"
"21/05/2007","6.636,80","6.640,90","6.675,00","6.619,40","","-0,06%"
"18/05/2007","6.640,90","6.579,30","6.656,30","6.579,10","","0,94%"
"17/05/2007","6.579,30","6.559,50","6.588,70","6.553,60","","0,30%"
"16/05/2007","6.559,50","6.568,60","6.578,60","6.539,40","","-0,14%"
"15/05/2007","6.568,60","6.555,50","6.579,00","6.532,90","","0,20%"
"14/05/2007","6.555,50","6.565,70","6.596,30","6.530,30","","-0,16%"
"11/05/2007","6.565,70","6.524,10","6.577,00","6.451,90","","0,64%"
"10/05/2007","6.524,10","6.549,60","6.565,10","6.515,00","","-0,39%"
"09/05/2007","6.549,60","6.550,40","6.592,40","6.529,00","","-0,01%"
"08/05/2007","6.550,40","6.603,70","6.603,70","6.537,50","","-0,81%"
"04/05/2007","6.603,70","6.537,80","6.614,70","6.537,80","","1,01%"
"03/05/2007","6.537,80","6.484,50","6.542,50","6.484,50","","0,82%"
"02/05/2007","6.484,50","6.419,60","6.489,00","6.419,60","","1,01%"
"01/05/2007","6.419,60","6.449,20","6.449,20","6.395,50","","-0,46%"
"30/04/2007","6.449,20","6.418,70","6.474,70","6.410,50","","0,48%"
"27/04/2007","6.418,70","6.469,40","6.469,40","6.410,60","","-0,78%"
"26/04/2007","6.469,40","6.461,90","6.511,10","6.443,70","","0,12%"
"25/04/2007","6.461,90","6.429,50","6.479,00","6.429,50","","0,50%"
"24/04/2007","6.429,50","6.479,70","6.493,10","6.408,40","","-0,77%"
"23/04/2007","6.479,70","6.486,80","6.504,50","6.466,10","","-0,11%"
"20/04/2007","6.486,80","6.440,60","6.508,90","6.440,60","","0,72%"
"19/04/2007","6.440,60","6.449,40","6.451,80","6.386,20","","-0,14%"
"18/04/2007","6.449,40","6.497,80","6.497,80","6.440,80","","-0,74%"
"17/04/2007","6.497,80","6.516,20","6.516,20","6.456,40","","-0,28%"
"16/04/2007","6.516,20","6.462,40","6.516,20","6.462,40","","0,83%"
"13/04/2007","6.462,40","6.416,40","6.462,40","6.416,40","","0,72%"
"12/04/2007","6.416,40","6.413,30","6.419,60","6.376,40","","0,05%"
"11/04/2007","6.413,30","6.417,80","6.445,90","6.401,90","","-0,07%"
"10/04/2007","6.417,80","6.397,30","6.431,70","6.394,30","","0,32%"
"05/04/2007","6.397,30","6.364,70","6.398,70","6.350,30","","0,51%"
"04/04/2007","6.364,70","6.366,10","6.380,50","6.345,90","","-0,02%"
"03/04/2007","6.366,10","6.315,50","6.366,10","6.315,50","","0,80%"
"02/04/2007","6.315,50","6.308,00","6.342,20","6.293,90","","0,12%"
"30/03/2007","6.308,00","6.324,20","6.330,00","6.291,10","","-0,26%"
"29/03/2007","6.324,20","6.267,20","6.334,70","6.267,20","","0,91%"
"28/03/2007","6.267,20","6.292,60","6.304,90","6.250,10","","-0,40%"
"27/03/2007","6.292,60","6.291,90","6.337,70","6.276,80","","0,01%"
"26/03/2007","6.291,90","6.339,40","6.355,30","6.274,10","","-0,75%"
"23/03/2007","6.339,40","6.318,00","6.350,40","6.296,60","","0,34%"
"22/03/2007","6.318,00","6.256,80","6.342,10","6.256,80","","0,98%"
"21/03/2007","6.256,80","6.220,30","6.287,50","6.207,70","","0,59%"
"20/03/2007","6.220,30","6.189,40","6.220,30","6.159,40","","0,50%"
"19/03/2007","6.189,40","6.130,60","6.200,60","6.130,60","","0,96%"
"16/03/2007","6.130,60","6.133,20","6.142,20","6.094,70","","-0,04%"
"15/03/2007","6.133,20","6.000,70","6.133,20","6.000,70","","2,21%"
"14/03/2007","6.000,70","6.161,20","6.161,20","6.000,70","","-2,61%"
"13/03/2007","6.161,20","6.233,30","6.240,70","6.161,20","","-1,16%"
"12/03/2007","6.233,30","6.245,20","6.276,30","6.219,30","","-0,19%"
"09/03/2007","6.245,20","6.227,70","6.255,80","6.190,30","","0,28%"
"08/03/2007","6.227,70","6.156,50","6.233,10","6.156,50","","1,16%"
"07/03/2007","6.156,50","6.138,50","6.167,60","6.106,10","","0,29%"
"06/03/2007","6.138,50","6.058,70","6.138,50","6.058,70","","1,32%"
"05/03/2007","6.058,70","6.116,20","6.116,20","5.989,60","","-0,94%"
"02/03/2007","6.116,20","6.116,00","6.164,40","6.085,60","","0,00%"
"01/03/2007","6.116,00","6.171,50","6.230,70","6.038,90","","-0,90%"
"28/02/2007","6.171,50","6.286,10","6.286,10","6.166,20","","-1,82%"
"27/02/2007","6.286,10","6.434,70","6.434,70","6.270,50","","-2,31%"
"26/02/2007","6.434,70","6.401,50","6.446,80","6.401,50","","0,52%"
"23/02/2007","6.401,50","6.380,90","6.401,50","6.357,10","","0,32%"
"22/02/2007","6.380,90","6.357,10","6.416,00","6.357,10","","0,37%"
"21/02/2007","6.357,10","6.412,30","6.430,40","6.352,10","","-0,86%"
"20/02/2007","6.412,30","6.444,40","6.448,10","6.392,40","","-0,50%"
"19/02/2007","6.444,40","6.419,50","6.451,40","6.419,50","","0,39%"
"16/02/2007","6.419,50","6.433,30","6.439,20","6.407,30","","-0,21%"
"15/02/2007","6.433,30","6.421,20","6.435,30","6.397,20","","0,19%"
"14/02/2007","6.421,20","6.381,80","6.421,20","6.378,60","","0,62%"
"13/02/2007","6.381,80","6.353,50","6.381,80","6.353,50","","0,45%"
"12/02/2007","6.353,50","6.382,80","6.383,10","6.344,70","","-0,46%"
"09/02/2007","6.382,80","6.346,40","6.395,40","6.346,40","","0,57%"
"08/02/2007","6.346,40","6.369,50","6.375,00","6.330,10","","-0,36%"
"07/02/2007","6.369,50","6.346,30","6.379,80","6.338,20","","0,37%"
"06/02/2007","6.346,30","6.317,90","6.369,70","6.317,90","","0,45%"
"05/02/2007","6.317,90","6.310,90","6.328,90","6.294,70","","0,11%"
"02/02/2007","6.310,90","6.282,20","6.329,00","6.282,20","","0,46%"
"01/02/2007","6.282,20","6.203,10","6.300,30","6.203,10","","1,28%"
"31/01/2007","6.203,10","6.242,00","6.257,30","6.197,50","","-0,62%"
"30/01/2007","6.242,00","6.239,90","6.250,10","6.212,50","","0,03%"
"29/01/2007","6.239,90","6.228,00","6.253,70","6.216,00","","0,19%"
"26/01/2007","6.228,00","6.269,30","6.271,40","6.226,40","","-0,66%"
"25/01/2007","6.269,30","6.314,80","6.335,10","6.262,10","","-0,72%"
"24/01/2007","6.314,80","6.227,60","6.320,90","6.227,60","","1,40%"
"23/01/2007","6.227,60","6.218,40","6.240,70","6.189,20","","0,15%"
"22/01/2007","6.218,40","6.237,20","6.270,90","6.215,80","","-0,30%"
"19/01/2007","6.237,20","6.210,30","6.243,30","6.178,00","","0,43%"
"18/01/2007","6.210,30","6.204,50","6.257,20","6.204,50","","0,09%"
"17/01/2007","6.204,50","6.215,70","6.227,00","6.163,50","","-0,18%"
"16/01/2007","6.215,70","6.263,50","6.266,40","6.206,40","","-0,76%"
"15/01/2007","6.263,50","6.239,00","6.279,70","6.239,00","","0,39%"
"12/01/2007","6.239,00","6.230,10","6.247,60","6.204,30","","0,14%"
"11/01/2007","6.230,10","6.160,70","6.233,10","6.130,20","","1,13%"
"10/01/2007","6.160,70","6.196,10","6.196,10","6.142,00","","-0,57%"
"09/01/2007","6.196,10","6.194,20","6.218,50","6.190,40","","0,03%"
"08/01/2007","6.194,20","6.220,10","6.246,00","6.187,00","","-0,42%"
"05/01/2007","6.220,10","6.287,00","6.287,00","6.220,10","","-1,06%"
"04/01/2007","6.287,00","6.319,00","6.319,00","6.261,00","","-0,51%"
"03/01/2007","6.319,00","6.310,90","6.322,00","6.296,00","","0,13%"
"02/01/2007","6.310,90","6.220,80","6.312,50","6.220,80","","1,45%"